factorId,label,plainEnglishMeaning,pushesTowardRepair,pushesTowardSell,infoNeeded,riskNote,customerQuestion
"mileage","Mileage","Mileage can change the practical cost, risk, timing, or value of keeping the vehicle.","Favors repair when the condition is verified, manageable, and supports reliable use or retained value.","Favors selling when it adds major uncertainty, safety exposure, delay, or cost relative to value.","Current mileage information, source, date, and confidence.","Do not use one factor alone; safety, title, structural condition, and verified costs may require human or in-person review.","What do you know about the vehicle's mileage, and how confident are you in that information?"
"vehicle_age","Vehicle Age","Vehicle Age can change the practical cost, risk, timing, or value of keeping the vehicle.","Favors repair when the benefit is clear and the cost and uncertainty remain acceptable.","Favors selling when it conflicts with the owner's budget, time, transportation needs, or risk tolerance.","Current vehicle age information, source, date, and confidence.","Do not use one factor alone; safety, title, structural condition, and verified costs may require human or in-person review.","What do you know about the vehicle's vehicle age, and how confident are you in that information?"
"title_status","Title Status","Title Status can change the practical cost, risk, timing, or value of keeping the vehicle.","Favors repair when the condition is verified, manageable, and supports reliable use or retained value.","Favors selling when it adds major uncertainty, safety exposure, delay, or cost relative to value.","Current title status information, source, date, and confidence.","Do not use one factor alone; safety, title, structural condition, and verified costs may require human or in-person review.","What do you know about the vehicle's title status, and how confident are you in that information?"
"repair_estimate","Repair Estimate","Repair Estimate can change the practical cost, risk, timing, or value of keeping the vehicle.","Favors repair when the benefit is clear and the cost and uncertainty remain acceptable.","Favors selling when it conflicts with the owner's budget, time, transportation needs, or risk tolerance.","Current repair estimate information, source, date, and confidence.","Do not use one factor alone; safety, title, structural condition, and verified costs may require human or in-person review.","What do you know about the vehicle's repair estimate, and how confident are you in that information?"
"market_value_repaired","Market Value Repaired","Market Value Repaired can change the practical cost, risk, timing, or value of keeping the vehicle.","Favors repair when the condition is verified, manageable, and supports reliable use or retained value.","Favors selling when it adds major uncertainty, safety exposure, delay, or cost relative to value.","Current market value repaired information, source, date, and confidence.","Do not use one factor alone; safety, title, structural condition, and verified costs may require human or in-person review.","What do you know about the vehicle's market value repaired, and how confident are you in that information?"
"market_value_as_is","Market Value As Is","Market Value As Is can change the practical cost, risk, timing, or value of keeping the vehicle.","Favors repair when the benefit is clear and the cost and uncertainty remain acceptable.","Favors selling when it conflicts with the owner's budget, time, transportation needs, or risk tolerance.","Current market value as is information, source, date, and confidence.","Do not use one factor alone; safety, title, structural condition, and verified costs may require human or in-person review.","What do you know about the vehicle's market value as is, and how confident are you in that information?"
"safety_issue","Safety Issue","Safety Issue can change the practical cost, risk, timing, or value of keeping the vehicle.","Favors repair when the condition is verified, manageable, and supports reliable use or retained value.","Favors selling when it adds major uncertainty, safety exposure, delay, or cost relative to value.","Current safety issue information, source, date, and confidence.","Do not use one factor alone; safety, title, structural condition, and verified costs may require human or in-person review.","What do you know about the vehicle's safety issue, and how confident are you in that information?"
"repeat_failures","Repeat Failures","Repeat Failures can change the practical cost, risk, timing, or value of keeping the vehicle.","Favors repair when the benefit is clear and the cost and uncertainty remain acceptable.","Favors selling when it conflicts with the owner's budget, time, transportation needs, or risk tolerance.","Current repeat failures information, source, date, and confidence.","Do not use one factor alone; safety, title, structural condition, and verified costs may require human or in-person review.","What do you know about the vehicle's repeat failures, and how confident are you in that information?"
"parts_availability","Parts Availability","Parts Availability can change the practical cost, risk, timing, or value of keeping the vehicle.","Favors repair when the condition is verified, manageable, and supports reliable use or retained value.","Favors selling when it adds major uncertainty, safety exposure, delay, or cost relative to value.","Current parts availability information, source, date, and confidence.","Do not use one factor alone; safety, title, structural condition, and verified costs may require human or in-person review.","What do you know about the vehicle's parts availability, and how confident are you in that information?"
"labor_intensity","Labor Intensity","Labor Intensity can change the practical cost, risk, timing, or value of keeping the vehicle.","Favors repair when the benefit is clear and the cost and uncertainty remain acceptable.","Favors selling when it conflicts with the owner's budget, time, transportation needs, or risk tolerance.","Current labor intensity information, source, date, and confidence.","Do not use one factor alone; safety, title, structural condition, and verified costs may require human or in-person review.","What do you know about the vehicle's labor intensity, and how confident are you in that information?"
"daily_vehicle_need","Daily Vehicle Need","Daily Vehicle Need can change the practical cost, risk, timing, or value of keeping the vehicle.","Favors repair when the condition is verified, manageable, and supports reliable use or retained value.","Favors selling when it adds major uncertainty, safety exposure, delay, or cost relative to value.","Current daily vehicle need information, source, date, and confidence.","Do not use one factor alone; safety, title, structural condition, and verified costs may require human or in-person review.","What do you know about the vehicle's daily vehicle need, and how confident are you in that information?"
"emotional_attachment","Emotional Attachment","Emotional Attachment can change the practical cost, risk, timing, or value of keeping the vehicle.","Favors repair when the benefit is clear and the cost and uncertainty remain acceptable.","Favors selling when it conflicts with the owner's budget, time, transportation needs, or risk tolerance.","Current emotional attachment information, source, date, and confidence.","Do not use one factor alone; safety, title, structural condition, and verified costs may require human or in-person review.","What do you know about the vehicle's emotional attachment, and how confident are you in that information?"
"already_spent_amount","Already Spent Amount","Already Spent Amount can change the practical cost, risk, timing, or value of keeping the vehicle.","Favors repair when the condition is verified, manageable, and supports reliable use or retained value.","Favors selling when it adds major uncertainty, safety exposure, delay, or cost relative to value.","Current already spent amount information, source, date, and confidence.","Do not use one factor alone; safety, title, structural condition, and verified costs may require human or in-person review.","What do you know about the vehicle's already spent amount, and how confident are you in that information?"
"rust_structural_concern","Rust Structural Concern","Rust Structural Concern can change the practical cost, risk, timing, or value of keeping the vehicle.","Favors repair when the benefit is clear and the cost and uncertainty remain acceptable.","Favors selling when it conflicts with the owner's budget, time, transportation needs, or risk tolerance.","Current rust structural concern information, source, date, and confidence.","Do not use one factor alone; safety, title, structural condition, and verified costs may require human or in-person review.","What do you know about the vehicle's rust structural concern, and how confident are you in that information?"
"transmission_concern","Transmission Concern","Transmission Concern can change the practical cost, risk, timing, or value of keeping the vehicle.","Favors repair when the condition is verified, manageable, and supports reliable use or retained value.","Favors selling when it adds major uncertainty, safety exposure, delay, or cost relative to value.","Current transmission concern information, source, date, and confidence.","Do not use one factor alone; safety, title, structural condition, and verified costs may require human or in-person review.","What do you know about the vehicle's transmission concern, and how confident are you in that information?"
"engine_concern","Engine Concern","Engine Concern can change the practical cost, risk, timing, or value of keeping the vehicle.","Favors repair when the benefit is clear and the cost and uncertainty remain acceptable.","Favors selling when it conflicts with the owner's budget, time, transportation needs, or risk tolerance.","Current engine concern information, source, date, and confidence.","Do not use one factor alone; safety, title, structural condition, and verified costs may require human or in-person review.","What do you know about the vehicle's engine concern, and how confident are you in that information?"
"electrical_concern","Electrical Concern","Electrical Concern can change the practical cost, risk, timing, or value of keeping the vehicle.","Favors repair when the condition is verified, manageable, and supports reliable use or retained value.","Favors selling when it adds major uncertainty, safety exposure, delay, or cost relative to value.","Current electrical concern information, source, date, and confidence.","Do not use one factor alone; safety, title, structural condition, and verified costs may require human or in-person review.","What do you know about the vehicle's electrical concern, and how confident are you in that information?"
"failed_emissions","Failed Emissions","Failed Emissions can change the practical cost, risk, timing, or value of keeping the vehicle.","Favors repair when the benefit is clear and the cost and uncertainty remain acceptable.","Favors selling when it conflicts with the owner's budget, time, transportation needs, or risk tolerance.","Current failed emissions information, source, date, and confidence.","Do not use one factor alone; safety, title, structural condition, and verified costs may require human or in-person review.","What do you know about the vehicle's failed emissions, and how confident are you in that information?"
"diagnostic_uncertainty","Diagnostic Uncertainty","Diagnostic Uncertainty can change the practical cost, risk, timing, or value of keeping the vehicle.","Favors repair when the condition is verified, manageable, and supports reliable use or retained value.","Favors selling when it adds major uncertainty, safety exposure, delay, or cost relative to value.","Current diagnostic uncertainty information, source, date, and confidence.","Do not use one factor alone; safety, title, structural condition, and verified costs may require human or in-person review.","What do you know about the vehicle's diagnostic uncertainty, and how confident are you in that information?"
"registration_title_issue","Registration Title Issue","Registration Title Issue can change the practical cost, risk, timing, or value of keeping the vehicle.","Favors repair when the benefit is clear and the cost and uncertainty remain acceptable.","Favors selling when it conflicts with the owner's budget, time, transportation needs, or risk tolerance.","Current registration title issue information, source, date, and confidence.","Do not use one factor alone; safety, title, structural condition, and verified costs may require human or in-person review.","What do you know about the vehicle's registration title issue, and how confident are you in that information?"
"buyer_demand","Buyer Demand","Buyer Demand can change the practical cost, risk, timing, or value of keeping the vehicle.","Favors repair when the condition is verified, manageable, and supports reliable use or retained value.","Favors selling when it adds major uncertainty, safety exposure, delay, or cost relative to value.","Current buyer demand information, source, date, and confidence.","Do not use one factor alone; safety, title, structural condition, and verified costs may require human or in-person review.","What do you know about the vehicle's buyer demand, and how confident are you in that information?"
"diy_ability","Diy Ability","Diy Ability can change the practical cost, risk, timing, or value of keeping the vehicle.","Favors repair when the benefit is clear and the cost and uncertainty remain acceptable.","Favors selling when it conflicts with the owner's budget, time, transportation needs, or risk tolerance.","Current diy ability information, source, date, and confidence.","Do not use one factor alone; safety, title, structural condition, and verified costs may require human or in-person review.","What do you know about the vehicle's diy ability, and how confident are you in that information?"
"tool_availability","Tool Availability","Tool Availability can change the practical cost, risk, timing, or value of keeping the vehicle.","Favors repair when the condition is verified, manageable, and supports reliable use or retained value.","Favors selling when it adds major uncertainty, safety exposure, delay, or cost relative to value.","Current tool availability information, source, date, and confidence.","Do not use one factor alone; safety, title, structural condition, and verified costs may require human or in-person review.","What do you know about the vehicle's tool availability, and how confident are you in that information?"
"time_available","Time Available","Time Available can change the practical cost, risk, timing, or value of keeping the vehicle.","Favors repair when the benefit is clear and the cost and uncertainty remain acceptable.","Favors selling when it conflicts with the owner's budget, time, transportation needs, or risk tolerance.","Current time available information, source, date, and confidence.","Do not use one factor alone; safety, title, structural condition, and verified costs may require human or in-person review.","What do you know about the vehicle's time available, and how confident are you in that information?"
"tow_storage_cost","Tow Storage Cost","Tow Storage Cost can change the practical cost, risk, timing, or value of keeping the vehicle.","Favors repair when the condition is verified, manageable, and supports reliable use or retained value.","Favors selling when it adds major uncertainty, safety exposure, delay, or cost relative to value.","Current tow storage cost information, source, date, and confidence.","Do not use one factor alone; safety, title, structural condition, and verified costs may require human or in-person review.","What do you know about the vehicle's tow storage cost, and how confident are you in that information?"
